x,y,z
-4.217837,-4.418759,1.6
-4.217837,-3.898071,1.6
-4.217837,-3.377382,1.6
-4.217837,-2.856694,1.6
-4.217837,-2.336005,1.6
-4.217837,-1.815317,1.6
-4.217837,-1.294628,1.6
-4.217837,-0.77394,1.6
-4.217837,-0.253251,1.6
-4.217837,0.267437,1.6
-4.217837,0.788126,1.6
-4.217837,1.308814,1.6
-4.217837,1.829503,1.6
-4.217837,2.350191,1.6
-4.217837,2.87088,1.6
-4.217837,3.391568,1.6
-4.217837,3.912257,1.6
-4.217837,4.432945,1.6
-3.715631,-4.418759,1.6
-3.715631,-3.898071,1.6
-3.715631,-3.377382,1.6
-3.715631,-2.856694,1.6
-3.715631,-2.336005,1.6
-3.715631,-1.815317,1.6
-3.715631,-1.294628,1.6
-3.715631,-0.77394,1.6
-3.715631,-0.253251,1.6
-3.715631,0.267437,1.6
-3.715631,0.788126,1.6
-3.715631,1.308814,1.6
-3.715631,1.829503,1.6
-3.715631,2.350191,1.6
-3.715631,2.87088,1.6
-3.715631,3.391568,1.6
-3.715631,3.912257,1.6
-3.715631,4.432945,1.6
-3.213424,-4.418759,1.6
-3.213424,-3.898071,1.6
-3.213424,-3.377382,1.6
-3.213424,-2.856694,1.6
-3.213424,-2.336005,1.6
-3.213424,-1.815317,1.6
-3.213424,-1.294628,1.6
-3.213424,-0.77394,1.6
-3.213424,-0.253251,1.6
-3.213424,0.267437,1.6
-3.213424,0.788126,1.6
-3.213424,1.308814,1.6
-3.213424,1.829503,1.6
-3.213424,2.350191,1.6
-3.213424,2.87088,1.6
-3.213424,3.391568,1.6
-3.213424,3.912257,1.6
-3.213424,4.432945,1.6
-2.711217,-4.418759,1.6
-2.711217,-3.898071,1.6
-2.711217,-3.377382,1.6
-2.711217,-2.856694,1.6
-2.711217,-2.336005,1.6
-2.711217,-1.815317,1.6
-2.711217,-1.294628,1.6
-2.711217,-0.77394,1.6
-2.711217,-0.253251,1.6
-2.711217,0.267437,1.6
-2.711217,0.788126,1.6
-2.711217,1.308814,1.6
-2.711217,1.829503,1.6
-2.711217,2.350191,1.6
-2.711217,2.87088,1.6
-2.711217,3.391568,1.6
-2.711217,3.912257,1.6
-2.711217,4.432945,1.6
-2.20901,-4.418759,1.6
-2.20901,-3.898071,1.6
-2.20901,-3.377382,1.6
-2.20901,-2.856694,1.6
-2.20901,-2.336005,1.6
-2.20901,-1.815317,1.6
-2.20901,-1.294628,1.6
-2.20901,-0.77394,1.6
-2.20901,-0.253251,1.6
-2.20901,0.267437,1.6
-2.20901,0.788126,1.6
-2.20901,1.308814,1.6
-2.20901,1.829503,1.6
-2.20901,2.350191,1.6
-2.20901,2.87088,1.6
-2.20901,3.391568,1.6
-2.20901,3.912257,1.6
-2.20901,4.432945,1.6
-1.706803,-4.418759,1.6
-1.706803,-3.898071,1.6
-1.706803,-3.377382,1.6
-1.706803,-2.856694,1.6
-1.706803,-2.336005,1.6
-1.706803,-1.815317,1.6
-1.706803,-1.294628,1.6
-1.706803,-0.77394,1.6
-1.706803,-0.253251,1.6
-1.706803,0.267437,1.6
-1.706803,0.788126,1.6
-1.706803,1.308814,1.6
-1.706803,1.829503,1.6
-1.706803,2.350191,1.6
-1.706803,2.87088,1.6
-1.706803,3.391568,1.6
-1.706803,3.912257,1.6
-1.706803,4.432945,1.6
-1.204596,-4.418759,1.6
-1.204596,-3.898071,1.6
-1.204596,-3.377382,1.6
-1.204596,-2.856694,1.6
-1.204596,-2.336005,1.6
-1.204596,-1.815317,1.6
-1.204596,-1.294628,1.6
-1.204596,-0.77394,1.6
-1.204596,-0.253251,1.6
-1.204596,0.267437,1.6
-1.204596,0.788126,1.6
-1.204596,1.308814,1.6
-1.204596,1.829503,1.6
-1.204596,2.350191,1.6
-1.204596,2.87088,1.6
-1.204596,3.391568,1.6
-1.204596,3.912257,1.6
-1.204596,4.432945,1.6
-0.702389,-4.418759,1.6
-0.702389,-3.898071,1.6
-0.702389,-3.377382,1.6
-0.702389,-2.856694,1.6
-0.702389,-2.336005,1.6
-0.702389,-1.815317,1.6
-0.702389,-1.294628,1.6
-0.702389,-0.77394,1.6
-0.702389,-0.253251,1.6
-0.702389,0.267437,1.6
-0.702389,0.788126,1.6
-0.702389,1.308814,1.6
-0.702389,1.829503,1.6
-0.702389,2.350191,1.6
-0.702389,2.87088,1.6
-0.702389,3.391568,1.6
-0.702389,3.912257,1.6
-0.702389,4.432945,1.6
-0.200183,-4.418759,1.6
-0.200183,-3.898071,1.6
-0.200183,-3.377382,1.6
-0.200183,-2.856694,1.6
-0.200183,-2.336005,1.6
-0.200183,-1.815317,1.6
-0.200183,-1.294628,1.6
-0.200183,-0.77394,1.6
-0.200183,-0.253251,1.6
-0.200183,0.267437,1.6
-0.200183,0.788126,1.6
-0.200183,1.308814,1.6
-0.200183,1.829503,1.6
-0.200183,2.350191,1.6
-0.200183,2.87088,1.6
-0.200183,3.391568,1.6
-0.200183,3.912257,1.6
-0.200183,4.432945,1.6
0.302024,-4.418759,1.6
0.302024,-3.898071,1.6
0.302024,-3.377382,1.6
0.302024,-2.856694,1.6
0.302024,-2.336005,1.6
0.302024,-1.815317,1.6
0.302024,-1.294628,1.6
0.302024,-0.77394,1.6
0.302024,-0.253251,1.6
0.302024,0.267437,1.6
0.302024,0.788126,1.6
0.302024,1.308814,1.6
0.302024,1.829503,1.6
0.302024,2.350191,1.6
0.302024,2.87088,1.6
0.302024,3.391568,1.6
0.302024,3.912257,1.6
0.302024,4.432945,1.6
0.804231,-4.418759,1.6
0.804231,-3.898071,1.6
0.804231,-3.377382,1.6
0.804231,-2.856694,1.6
0.804231,-2.336005,1.6
0.804231,-1.815317,1.6
0.804231,-1.294628,1.6
0.804231,-0.77394,1.6
0.804231,-0.253251,1.6
0.804231,0.267437,1.6
0.804231,0.788126,1.6
0.804231,1.308814,1.6
0.804231,1.829503,1.6
0.804231,2.350191,1.6
0.804231,2.87088,1.6
0.804231,3.391568,1.6
0.804231,3.912257,1.6
0.804231,4.432945,1.6
1.306438,-4.418759,1.6
1.306438,-3.898071,1.6
1.306438,-3.377382,1.6
1.306438,-2.856694,1.6
1.306438,-2.336005,1.6
1.306438,-1.815317,1.6
1.306438,-1.294628,1.6
1.306438,-0.77394,1.6
1.306438,-0.253251,1.6
1.306438,0.267437,1.6
1.306438,0.788126,1.6
1.306438,1.308814,1.6
1.306438,1.829503,1.6
1.306438,2.350191,1.6
1.306438,2.87088,1.6
1.306438,3.391568,1.6
1.306438,3.912257,1.6
1.306438,4.432945,1.6
1.808645,-4.418759,1.6
1.808645,-3.898071,1.6
1.808645,-3.377382,1.6
1.808645,-2.856694,1.6
1.808645,-2.336005,1.6
1.808645,-1.815317,1.6
1.808645,-1.294628,1.6
1.808645,-0.77394,1.6
1.808645,-0.253251,1.6
1.808645,0.267437,1.6
1.808645,0.788126,1.6
1.808645,1.308814,1.6
1.808645,1.829503,1.6
1.808645,2.350191,1.6
1.808645,2.87088,1.6
1.808645,3.391568,1.6
1.808645,3.912257,1.6
1.808645,4.432945,1.6
2.310852,-4.418759,1.6
2.310852,-3.898071,1.6
2.310852,-3.377382,1.6
2.310852,-2.856694,1.6
2.310852,-2.336005,1.6
2.310852,-1.815317,1.6
2.310852,-1.294628,1.6
2.310852,-0.77394,1.6
2.310852,-0.253251,1.6
2.310852,0.267437,1.6
2.310852,0.788126,1.6
2.310852,1.308814,1.6
2.310852,1.829503,1.6
2.310852,2.350191,1.6
2.310852,2.87088,1.6
2.310852,3.391568,1.6
2.310852,3.912257,1.6
2.310852,4.432945,1.6
2.813059,-4.418759,1.6
2.813059,-3.898071,1.6
2.813059,-3.377382,1.6
2.813059,-2.856694,1.6
2.813059,-2.336005,1.6
2.813059,-1.815317,1.6
2.813059,-1.294628,1.6
2.813059,-0.77394,1.6
2.813059,-0.253251,1.6
2.813059,0.267437,1.6
2.813059,0.788126,1.6
2.813059,1.308814,1.6
2.813059,1.829503,1.6
2.813059,2.350191,1.6
2.813059,2.87088,1.6
2.813059,3.391568,1.6
2.813059,3.912257,1.6
2.813059,4.432945,1.6
3.315265,-4.418759,1.6
3.315265,-3.898071,1.6
3.315265,-3.377382,1.6
3.315265,-2.856694,1.6
3.315265,-2.336005,1.6
3.315265,-1.815317,1.6
3.315265,-1.294628,1.6
3.315265,-0.77394,1.6
3.315265,-0.253251,1.6
3.315265,0.267437,1.6
3.315265,0.788126,1.6
3.315265,1.308814,1.6
3.315265,1.829503,1.6
3.315265,2.350191,1.6
3.315265,2.87088,1.6
3.315265,3.391568,1.6
3.315265,3.912257,1.6
3.315265,4.432945,1.6
3.817472,-4.418759,1.6
3.817472,-3.898071,1.6
3.817472,-3.377382,1.6
3.817472,-2.856694,1.6
3.817472,-2.336005,1.6
3.817472,-1.815317,1.6
3.817472,-1.294628,1.6
3.817472,-0.77394,1.6
3.817472,-0.253251,1.6
3.817472,0.267437,1.6
3.817472,0.788126,1.6
3.817472,1.308814,1.6
3.817472,1.829503,1.6
3.817472,2.350191,1.6
3.817472,2.87088,1.6
3.817472,3.391568,1.6
3.817472,3.912257,1.6
3.817472,4.432945,1.6
4.319679,-4.418759,1.6
4.319679,-3.898071,1.6
4.319679,-3.377382,1.6
4.319679,-2.856694,1.6
4.319679,-2.336005,1.6
4.319679,-1.815317,1.6
4.319679,-1.294628,1.6
4.319679,-0.77394,1.6
4.319679,-0.253251,1.6
4.319679,0.267437,1.6
4.319679,0.788126,1.6
4.319679,1.308814,1.6
4.319679,1.829503,1.6
4.319679,2.350191,1.6
4.319679,2.87088,1.6
4.319679,3.391568,1.6
4.319679,3.912257,1.6
4.319679,4.432945,1.6
